{
  "baseline": {
    "LatencyMetric": {
      "latency_ms": 3.615697224934896,
      "confidence": 0.00545356422662735,
      "avg_latency_ms": 3.5977959632873535,
      "min_latency_ms": 3.4717718760172525,
      "max_latency_ms": 3.787358601888021,
      "avg_confidence": 0.00542918243445456,
      "min_confidence": 0.005378181580454111,
      "max_confidence": 0.00545356422662735
    },
    "Accuracy": {
      "accuracy": 0.03125
    }
  },
  "fault_results": [
    {
      "fault_info": "LayerFault(layers=[0], type=attention_mask, severity=0.2)",
      "metrics": {
        "LatencyMetric": {
          "latency_ms": 3.3353169759114585,
          "confidence": 0.005486280657351017,
          "avg_latency_ms": 3.3216873804728193,
          "min_latency_ms": 3.274679183959961,
          "max_latency_ms": 3.3391316731770835,
          "avg_confidence": 0.005432423669844866,
          "min_confidence": 0.005369226913899183,
          "max_confidence": 0.005486280657351017
        },
        "Accuracy": {
          "accuracy": 0.0
        }
      }
    },
    {
      "fault_info": "WeightCorruption(severity=0.1)",
      "metrics": {
        "LatencyMetric": {
          "latency_ms": 3.2467047373453775,
          "confidence": 0.005485462490469217,
          "avg_latency_ms": 3.2758514086405435,
          "min_latency_ms": 3.1769275665283203,
          "max_latency_ms": 3.38896115620931,
          "avg_confidence": 0.005462349625304341,
          "min_confidence": 0.0054011037573218346,
          "max_confidence": 0.005495789460837841
        },
        "Accuracy": {
          "accuracy": 0.0
        }
      }
    }
  ]
}