{
  "baseline": {
    "Accuracy": {
      "Accuracy": 0.002016128972172737
    },
    "LatencyMetric": {
      "latency_ms": 2.6224851608276367,
      "confidence": 0.9775444338379017,
      "avg_latency_ms": 3.3720433712005615,
      "min_latency_ms": 2.6224851608276367,
      "max_latency_ms": 4.372954368591309,
      "avg_confidence": 0.9259201006689751
    }
  },
  "fault_results": [
    {
      "fault_info": "BadFault(layers=[0], type=attention_mask, severity=0.2)",
      "metrics": {},
      "error": "Test error"
    }
  ]
}